INSERT INTO app.building (id, address, x_coord, y_coord) VALUES (1, 'Address-0', 3445, 4725);
INSERT INTO app.building (id, address, x_coord, y_coord) VALUES (2, 'Address-1', 2877, 1547);
INSERT INTO app.building (id, address, x_coord, y_coord) VALUES (3, 'Address-2', 4280, 5020);
INSERT INTO app.building (id, address, x_coord, y_coord) VALUES (4, 'Address-3', 7694, 2238);
INSERT INTO app.building (id, address, x_coord, y_coord) VALUES (5, 'Address-4', 2563, 2576);
INSERT INTO app.building (id, address, x_coord, y_coord) VALUES (6, 'Address-5', 8861, 218);
INSERT INTO app.building (id, address, x_coord, y_coord) VALUES (7, 'Address-6', 6698, 5685);
INSERT INTO app.building (id, address, x_coord, y_coord) VALUES (8, 'Address-7', 156, 426);
INSERT INTO app.building (id, address, x_coord, y_coord) VALUES (9, 'Address-8', 7015, 3453);
INSERT INTO app.building (id, address, x_coord, y_coord) VALUES (10, 'Address-9', 3988, 2434);
INSERT INTO app.building (id, address, x_coord, y_coord) VALUES (11, 'Address-10', 3443, 6905);
INSERT INTO app.building (id, address, x_coord, y_coord) VALUES (12, 'Address-11', 5230, 964);
INSERT INTO app.building (id, address, x_coord, y_coord) VALUES (13, 'Address-12', 1286, 4118);
INSERT INTO app.building (id, address, x_coord, y_coord) VALUES (14, 'Address-13', 1, 3334);
INSERT INTO app.building (id, address, x_coord, y_coord) VALUES (15, 'Address-14', 2699, 5824);
INSERT INTO app.building (id, address, x_coord, y_coord) VALUES (16, 'Address-15', 3730, 5031);
INSERT INTO app.building (id, address, x_coord, y_coord) VALUES (17, 'Address-16', 6523, 3674);
INSERT INTO app.building (id, address, x_coord, y_coord) VALUES (18, 'Address-17', 3194, 7402);
INSERT INTO app.building (id, address, x_coord, y_coord) VALUES (19, 'Address-18', 8020, 1922);
INSERT INTO app.building (id, address, x_coord, y_coord) VALUES (20, 'Address-19', 3700, 3085);
INSERT INTO app.building (id, address, x_coord, y_coord) VALUES (21, 'Address-20', 3764, 3994);
INSERT INTO app.building (id, address, x_coord, y_coord) VALUES (22, 'Address-21', 938, 1363);
INSERT INTO app.building (id, address, x_coord, y_coord) VALUES (23, 'Address-22', 6192, 955);
INSERT INTO app.building (id, address, x_coord, y_coord) VALUES (24, 'Address-23', 2798, 3068);
INSERT INTO app.building (id, address, x_coord, y_coord) VALUES (25, 'Address-24', 9077, 5183);
INSERT INTO app.building (id, address, x_coord, y_coord) VALUES (26, 'Address-25', 413, 3106);
INSERT INTO app.building (id, address, x_coord, y_coord) VALUES (27, 'Address-26', 793, 4818);
INSERT INTO app.building (id, address, x_coord, y_coord) VALUES (28, 'Address-27', 2134, 7120);
INSERT INTO app.building (id, address, x_coord, y_coord) VALUES (29, 'Address-28', 3061, 2112);
INSERT INTO app.building (id, address, x_coord, y_coord) VALUES (30, 'Address-29', 7227, 5572);
INSERT INTO app.company (id, name, phone, building_id) VALUES (31, 'company-0', 'a:2:{i:0;i:2295;i:1;i:8962;}', 16);
INSERT INTO app.company (id, name, phone, building_id) VALUES (32, 'company-1', 'a:2:{i:0;i:4271;i:1;i:3254;}', 8);
INSERT INTO app.company (id, name, phone, building_id) VALUES (33, 'company-2', 'a:2:{i:0;i:3734;i:1;i:1901;}', 13);
INSERT INTO app.company (id, name, phone, building_id) VALUES (34, 'company-3', 'a:2:{i:0;i:2894;i:1;i:1765;}', 7);
INSERT INTO app.company (id, name, phone, building_id) VALUES (35, 'company-4', 'a:2:{i:0;i:8031;i:1;i:4714;}', 21);
INSERT INTO app.company (id, name, phone, building_id) VALUES (36, 'company-5', 'a:2:{i:0;i:9660;i:1;i:3364;}', 13);
INSERT INTO app.company (id, name, phone, building_id) VALUES (37, 'company-6', 'a:2:{i:0;i:2575;i:1;i:6095;}', 1);
INSERT INTO app.company (id, name, phone, building_id) VALUES (38, 'company-7', 'a:2:{i:0;i:8651;i:1;i:7109;}', 19);
INSERT INTO app.company (id, name, phone, building_id) VALUES (39, 'company-8', 'a:2:{i:0;i:9616;i:1;i:3773;}', 16);
INSERT INTO app.company (id, name, phone, building_id) VALUES (40, 'company-9', 'a:2:{i:0;i:9807;i:1;i:9556;}', 20);
INSERT INTO app.company (id, name, phone, building_id) VALUES (41, 'company-10', 'a:2:{i:0;i:4817;i:1;i:3447;}', 7);
INSERT INTO app.company (id, name, phone, building_id) VALUES (42, 'company-11', 'a:2:{i:0;i:1639;i:1;i:3005;}', 30);
INSERT INTO app.company (id, name, phone, building_id) VALUES (43, 'company-12', 'a:2:{i:0;i:5552;i:1;i:6267;}', 12);
INSERT INTO app.company (id, name, phone, building_id) VALUES (44, 'company-13', 'a:2:{i:0;i:3653;i:1;i:4339;}', 15);
INSERT INTO app.company (id, name, phone, building_id) VALUES (45, 'company-14', 'a:2:{i:0;i:5510;i:1;i:2921;}', 23);
INSERT INTO app.company (id, name, phone, building_id) VALUES (46, 'company-15', 'a:2:{i:0;i:1636;i:1;i:4616;}', 30);
INSERT INTO app.company (id, name, phone, building_id) VALUES (47, 'company-16', 'a:2:{i:0;i:7115;i:1;i:6680;}', 18);
INSERT INTO app.company (id, name, phone, building_id) VALUES (48, 'company-17', 'a:2:{i:0;i:7788;i:1;i:1866;}', 8);
INSERT INTO app.company (id, name, phone, building_id) VALUES (49, 'company-18', 'a:2:{i:0;i:4850;i:1;i:6683;}', 27);
INSERT INTO app.company (id, name, phone, building_id) VALUES (50, 'company-19', 'a:2:{i:0;i:2127;i:1;i:2778;}', 12);
INSERT INTO app.company (id, name, phone, building_id) VALUES (51, 'company-20', 'a:2:{i:0;i:4864;i:1;i:9635;}', 7);
INSERT INTO app.company (id, name, phone, building_id) VALUES (52, 'company-21', 'a:2:{i:0;i:5041;i:1;i:3467;}', 13);
INSERT INTO app.company (id, name, phone, building_id) VALUES (53, 'company-22', 'a:2:{i:0;i:2547;i:1;i:2854;}', 20);
INSERT INTO app.company (id, name, phone, building_id) VALUES (54, 'company-23', 'a:2:{i:0;i:1704;i:1;i:9303;}', 12);
INSERT INTO app.company (id, name, phone, building_id) VALUES (55, 'company-24', 'a:2:{i:0;i:1143;i:1;i:4327;}', 14);
INSERT INTO app.company (id, name, phone, building_id) VALUES (56, 'company-25', 'a:2:{i:0;i:3099;i:1;i:1646;}', 5);
INSERT INTO app.company (id, name, phone, building_id) VALUES (57, 'company-26', 'a:2:{i:0;i:9751;i:1;i:8677;}', 27);
INSERT INTO app.company (id, name, phone, building_id) VALUES (58, 'company-27', 'a:2:{i:0;i:4823;i:1;i:6997;}', 30);
INSERT INTO app.company (id, name, phone, building_id) VALUES (59, 'company-28', 'a:2:{i:0;i:8766;i:1;i:3021;}', 25);
INSERT INTO app.company (id, name, phone, building_id) VALUES (60, 'company-29', 'a:2:{i:0;i:7772;i:1;i:5424;}', 11);

create index IDX_F9F874B94D2A7E12
    on company_building (building_id);

create index IDX_F9F874B9979B1AD6
    on company_building (company_id);

create index IDX_5D5B6519979B1AD6
    on company_rubric (company_id);

create index IDX_5D5B6519A29EC0FC
    on company_rubric (rubric_id);

INSERT INTO app.company_rubric (company_id, rubric_id) VALUES (31, 9);
INSERT INTO app.company_rubric (company_id, rubric_id) VALUES (32, 5);
INSERT INTO app.company_rubric (company_id, rubric_id) VALUES (32, 16);
INSERT INTO app.company_rubric (company_id, rubric_id) VALUES (33, 19);
INSERT INTO app.company_rubric (company_id, rubric_id) VALUES (34, 9);
INSERT INTO app.company_rubric (company_id, rubric_id) VALUES (34, 26);
INSERT INTO app.company_rubric (company_id, rubric_id) VALUES (35, 16);
INSERT INTO app.company_rubric (company_id, rubric_id) VALUES (36, 3);
INSERT INTO app.company_rubric (company_id, rubric_id) VALUES (36, 22);
INSERT INTO app.company_rubric (company_id, rubric_id) VALUES (37, 28);
INSERT INTO app.company_rubric (company_id, rubric_id) VALUES (38, 3);
INSERT INTO app.company_rubric (company_id, rubric_id) VALUES (38, 23);
INSERT INTO app.company_rubric (company_id, rubric_id) VALUES (39, 30);
INSERT INTO app.company_rubric (company_id, rubric_id) VALUES (40, 4);
INSERT INTO app.company_rubric (company_id, rubric_id) VALUES (40, 17);
INSERT INTO app.company_rubric (company_id, rubric_id) VALUES (41, 8);
INSERT INTO app.company_rubric (company_id, rubric_id) VALUES (42, 3);
INSERT INTO app.company_rubric (company_id, rubric_id) VALUES (42, 29);
INSERT INTO app.company_rubric (company_id, rubric_id) VALUES (43, 24);
INSERT INTO app.company_rubric (company_id, rubric_id) VALUES (44, 10);
INSERT INTO app.company_rubric (company_id, rubric_id) VALUES (44, 20);
INSERT INTO app.company_rubric (company_id, rubric_id) VALUES (45, 4);
INSERT INTO app.company_rubric (company_id, rubric_id) VALUES (46, 1);
INSERT INTO app.company_rubric (company_id, rubric_id) VALUES (46, 20);
INSERT INTO app.company_rubric (company_id, rubric_id) VALUES (47, 4);
INSERT INTO app.company_rubric (company_id, rubric_id) VALUES (48, 8);
INSERT INTO app.company_rubric (company_id, rubric_id) VALUES (48, 16);
INSERT INTO app.company_rubric (company_id, rubric_id) VALUES (49, 23);
INSERT INTO app.company_rubric (company_id, rubric_id) VALUES (50, 8);
INSERT INTO app.company_rubric (company_id, rubric_id) VALUES (50, 21);
INSERT INTO app.company_rubric (company_id, rubric_id) VALUES (51, 9);
INSERT INTO app.company_rubric (company_id, rubric_id) VALUES (52, 10);
INSERT INTO app.company_rubric (company_id, rubric_id) VALUES (52, 20);
INSERT INTO app.company_rubric (company_id, rubric_id) VALUES (53, 30);
INSERT INTO app.company_rubric (company_id, rubric_id) VALUES (54, 8);
INSERT INTO app.company_rubric (company_id, rubric_id) VALUES (54, 24);
INSERT INTO app.company_rubric (company_id, rubric_id) VALUES (55, 5);
INSERT INTO app.company_rubric (company_id, rubric_id) VALUES (56, 9);
INSERT INTO app.company_rubric (company_id, rubric_id) VALUES (56, 27);
INSERT INTO app.company_rubric (company_id, rubric_id) VALUES (57, 14);
INSERT INTO app.company_rubric (company_id, rubric_id) VALUES (58, 15);
INSERT INTO app.company_rubric (company_id, rubric_id) VALUES (58, 29);
INSERT INTO app.company_rubric (company_id, rubric_id) VALUES (59, 30);
INSERT INTO app.company_rubric (company_id, rubric_id) VALUES (60, 11);
INSERT INTO app.company_rubric (company_id, rubric_id) VALUES (60, 30);

create index IDX_60C4016C727ACA70
    on rubric (parent_id);

INSERT INTO app.rubric (id, parent_id, name) VALUES (1, null, 'rubric-0');
INSERT INTO app.rubric (id, parent_id, name) VALUES (2, 1, 'rubric--0');
INSERT INTO app.rubric (id, parent_id, name) VALUES (3, 1, 'rubric--1');
INSERT INTO app.rubric (id, parent_id, name) VALUES (4, null, 'rubric-1');
INSERT INTO app.rubric (id, parent_id, name) VALUES (5, 4, 'rubric--0');
INSERT INTO app.rubric (id, parent_id, name) VALUES (6, 4, 'rubric--1');
INSERT INTO app.rubric (id, parent_id, name) VALUES (7, null, 'rubric-2');
INSERT INTO app.rubric (id, parent_id, name) VALUES (8, 7, 'rubric--0');
INSERT INTO app.rubric (id, parent_id, name) VALUES (9, 7, 'rubric--1');
INSERT INTO app.rubric (id, parent_id, name) VALUES (10, null, 'rubric-3');
INSERT INTO app.rubric (id, parent_id, name) VALUES (11, 10, 'rubric--0');
INSERT INTO app.rubric (id, parent_id, name) VALUES (12, 10, 'rubric--1');
INSERT INTO app.rubric (id, parent_id, name) VALUES (13, null, 'rubric-4');
INSERT INTO app.rubric (id, parent_id, name) VALUES (14, 13, 'rubric--0');
INSERT INTO app.rubric (id, parent_id, name) VALUES (15, 13, 'rubric--1');
INSERT INTO app.rubric (id, parent_id, name) VALUES (16, null, 'rubric-5');
INSERT INTO app.rubric (id, parent_id, name) VALUES (17, 16, 'rubric--0');
INSERT INTO app.rubric (id, parent_id, name) VALUES (18, 16, 'rubric--1');
INSERT INTO app.rubric (id, parent_id, name) VALUES (19, null, 'rubric-6');
INSERT INTO app.rubric (id, parent_id, name) VALUES (20, 19, 'rubric--0');
INSERT INTO app.rubric (id, parent_id, name) VALUES (21, 19, 'rubric--1');
INSERT INTO app.rubric (id, parent_id, name) VALUES (22, null, 'rubric-7');
INSERT INTO app.rubric (id, parent_id, name) VALUES (23, 22, 'rubric--0');
INSERT INTO app.rubric (id, parent_id, name) VALUES (24, 22, 'rubric--1');
INSERT INTO app.rubric (id, parent_id, name) VALUES (25, null, 'rubric-8');
INSERT INTO app.rubric (id, parent_id, name) VALUES (26, 25, 'rubric--0');
INSERT INTO app.rubric (id, parent_id, name) VALUES (27, 25, 'rubric--1');
INSERT INTO app.rubric (id, parent_id, name) VALUES (28, null, 'rubric-9');
INSERT INTO app.rubric (id, parent_id, name) VALUES (29, 28, 'rubric--0');
INSERT INTO app.rubric (id, parent_id, name) VALUES (30, 28, 'rubric--1');